<?xml version="1.0" encoding="UTF-8" standalone="yes"?>
<addon id="repository.castagnait" name="CastagnaIT Repository" version="1.0.0" provider-name="castagnait">
	<extension point="xbmc.addon.repository" name="CastagnaIT Repository">
		<dir>
			<info>https://raw.githubusercontent.com/CastangnaIT/repository.castagnait/master/addons.xml</info>
			<checksum>https://raw.githubusercontent.com/CastangnaIT/repository.castagnait/master/addons.xml.md5</checksum>
			<datadir zip="true">https://github.com/CastangnaIT/repository.castagnait/raw/master/zip</datadir>
		</dir>
	</extension>
	<extension point="xbmc.addon.metadata">
		<summary>CastagnaIT Repository</summary>
		<description>Castagna IT repository for addons</description>
		<platform>all</platform>
		<assets>
			<icon>icon.jpg</icon>
		</assets>
	</extension>
</addon>